"T.ms","PAA.X.radsec^2","PAA.Y.radsec^2","PAA.Z.radsec^2","PAA.R.radsec^2","PAV.X.radsec","PAV.Y.radsec","PAV.Z.radsec","PAV.R.radsec","PLA.X.msec^2","PLA.Y.msec^2","PLA.Z.msec^2","PLA.R.msec^2","PLV.X.msec","PLV.Y.msec","PLV.Z.msec","PLV.R.msec"
  0.0000,   23.416,  -7.011,   2.212,  24.543,   -0.272,  -1.878,   0.427,   1.945,   -6.956, -22.691,   1.931,  23.812,    0.000,   0.000,   0.000,   0.000
  0.3125,   35.718, -10.638,   2.878,  37.379,   -0.257,  -1.883,   0.428,   1.948,   -7.036, -22.865,   1.657,  23.981,    0.000,   0.000,   0.000,   0.000
  0.6250,   49.801, -14.768,   3.448,  52.059,   -0.237,  -1.889,   0.430,   1.952,   -7.132, -23.117,   1.316,  24.228,    0.000,   0.000,   0.000,   0.000
  0.9375,   64.659, -19.098,   3.788,  67.527,   -0.214,  -1.896,   0.432,   1.956,   -7.240, -23.459,   0.914,  24.568,    0.000,   0.000,   0.000,   0.000
  1.2500,   79.340, -23.340,   3.795,  82.789,   -0.186,  -1.904,   0.434,   1.962,   -7.361, -23.904,   0.460,  25.016,    0.000,   0.000,   0.000,   0.000
  1.5625,   93.231, -27.306,   3.425,  97.208,   -0.155,  -1.913,   0.436,   1.968,   -7.497, -24.459,  -0.039,  25.582,    0.000,   0.000,   0.000,   0.000
  1.8750,  106.073, -30.902,   2.688, 110.515,   -0.121,  -1.923,   0.437,   1.975,   -7.649, -25.130,  -0.578,  26.275,    0.000,   0.000,   0.000,   0.000
  2.1875,  117.877, -34.104,   1.630, 122.722,   -0.085,  -1.933,   0.438,   1.984,   -7.822, -25.920,  -1.149,  27.099,    0.000,   0.000,   0.000,   0.000
  2.5000,  128.834, -36.928,   0.314, 134.023,   -0.045,  -1.944,   0.438,   1.994,   -8.015, -26.825,  -1.746,  28.051,    0.000,   0.000,   0.000,   0.000
  2.8125,  139.241, -39.418,  -1.202, 144.718,   -0.003,  -1.956,   0.438,   2.005,   -8.229, -27.839,  -2.362,  29.126,    0.000,   0.000,   0.000,   0.000
  3.1250,  149.432, -41.628,  -2.878, 155.149,    0.041,  -1.969,   0.437,   2.017,   -8.458, -28.957,  -2.990,  30.315,    0.000,   0.000,   0.000,   0.000
  3.4375,  159.733, -43.620,  -4.711, 165.649,    0.089,  -1.983,   0.435,   2.032,   -8.699, -30.172,  -3.623,  31.609,    0.000,   0.000,   0.000,   0.000
  3.7500,  170.432, -45.456,  -6.736, 176.519,    0.140,  -1.996,   0.433,   2.048,   -8.944, -31.478,  -4.258,  33.000,    0.000,   0.000,   0.000,   0.000
  4.0625,  181.765, -47.203,  -9.022, 188.011,    0.194,  -2.011,   0.430,   2.066,   -9.191, -32.867,  -4.895,  34.477,    0.000,   0.000,   0.000,   0.000
  4.3750,  193.906, -48.922, -11.669, 200.322,    0.252,  -2.026,   0.427,   2.086,   -9.436, -34.329,  -5.537,  36.030,    0.000,   0.000,   0.000,   0.000
  4.6875,  206.972, -50.671, -14.789, 213.597,    0.314,  -2.041,   0.423,   2.108,   -9.683, -35.852,  -6.192,  37.649,    0.000,   0.000,   0.000,   0.000
  5.0000,  221.026, -52.488, -18.502, 227.925,    0.380,  -2.057,   0.418,   2.133,   -9.938, -37.417,  -6.869,  39.319,    0.000,   0.000,   0.000,   0.000
  5.3125,  236.086, -54.394, -22.922, 243.353,    0.451,  -2.073,   0.411,   2.161,  -10.210, -39.006,  -7.582,  41.027,    0.000,   0.000,   0.000,   0.000
  5.6250,  252.133, -56.375, -28.153, 259.888,    0.528,  -2.090,   0.404,   2.193,  -10.511, -40.600,  -8.343,  42.760,    0.000,   0.000,   0.000,   0.000
  5.9375,  269.129, -58.390, -34.279, 277.515,    0.609,  -2.108,   0.394,   2.229,  -10.851, -42.182,  -9.162,  44.508,    0.000,   0.000,   0.000,   0.000
  6.2500,  287.023, -60.369, -41.356, 296.205,    0.696,  -2.126,   0.383,   2.270,  -11.241, -43.744, -10.044,  46.268,    0.000,   0.000,   0.000,   0.000
  6.5625,  305.764, -62.232, -49.406, 315.920,    0.788,  -2.146,   0.369,   2.315,  -11.687, -45.282, -10.990,  48.040,    0.000,   0.000,   0.000,   0.000
  6.8750,  325.293, -63.901, -58.419, 336.618,    0.887,  -2.166,   0.353,   2.367,  -12.193, -46.801, -11.995,  49.829,    0.000,   0.000,   0.000,   0.000
  7.1875,  345.545, -65.324, -68.359, 358.248,    0.991,  -2.186,   0.333,   2.424,  -12.758, -48.308, -13.053,  51.641,    0.000,   0.000,   0.000,   0.000
  7.5000,  366.429, -66.482, -79.182, 380.736,    1.102,  -2.208,   0.310,   2.487,  -13.379, -49.810, -14.156,  53.483,    0.000,   0.000,   0.000,   0.000
  7.8125,  387.826, -67.397, -90.842, 403.985,    1.219,  -2.229,   0.283,   2.556,  -14.052, -51.316, -15.299,  55.361,    0.000,   0.000,   0.000,   0.000
  8.1250,  409.578, -68.120,-103.305, 427.863,    1.343,  -2.250,   0.252,   2.633,  -14.770, -52.828, -16.483,  57.277,   -0.005,  -0.016,  -0.005,   0.018
  8.4375,  431.487, -68.725,-116.556, 452.205,    1.474,  -2.272,   0.218,   2.717,  -15.529, -54.346, -17.709,  59.231,   -0.009,  -0.033,  -0.010,   0.036
  8.7500,  453.320, -69.296,-130.602, 476.820,    1.612,  -2.293,   0.179,   2.809,  -16.322, -55.868, -18.985,  61.222,   -0.014,  -0.050,  -0.016,   0.055
  9.0625,  474.814, -69.910,-145.469, 501.494,    1.757,  -2.314,   0.136,   2.909,  -17.147, -57.386, -20.316,  63.245,   -0.019,  -0.068,  -0.022,   0.074
  9.3750,  495.679, -70.630,-161.198, 525.996,    1.908,  -2.336,   0.088,   3.018,  -17.998, -58.895, -21.706,  65.297,   -0.025,  -0.086,  -0.029,   0.094
  9.6875,  515.609, -71.492,-177.837, 550.082,    2.066,  -2.358,   0.035,   3.135,  -18.875, -60.384, -23.153,  67.369,   -0.031,  -0.105,  -0.036,   0.115
 10.0000,  534.280, -72.504,-195.423, 573.500,    2.230,  -2.380,  -0.023,   3.262,  -19.775, -61.845, -24.651,  69.452,   -0.037,  -0.124,  -0.043,   0.136
 10.3125,  551.362, -73.645,-213.970, 595.992,    2.400,  -2.403,  -0.086,   3.397,  -20.699, -63.265, -26.188,  71.531,   -0.043,  -0.143,  -0.051,   0.158
 10.6250,  566.527, -74.875,-233.459, 617.302,    2.575,  -2.426,  -0.156,   3.541,  -21.646, -64.627, -27.742,  73.585,   -0.050,  -0.163,  -0.060,   0.181
 10.9375,  579.458, -76.147,-253.822, 637.178,    2.755,  -2.449,  -0.231,   3.693,  -22.619, -65.913, -29.291,  75.592,   -0.057,  -0.184,  -0.069,   0.204
 11.2500,  589.867, -77.407,-274.943, 655.385,    2.938,  -2.473,  -0.313,   3.853,  -23.620, -67.103, -30.804,  77.522,   -0.064,  -0.205,  -0.078,   0.228
 11.5625,  597.501, -78.603,-296.657, 671.708,    3.124,  -2.498,  -0.402,   4.020,  -24.648, -68.172, -32.252,  79.342,   -0.071,  -0.226,  -0.088,   0.252
 11.8750,  602.158, -79.678,-318.743, 685.959,    3.313,  -2.522,  -0.497,   4.193,  -25.697, -69.097, -33.603,  81.018,   -0.079,  -0.247,  -0.098,   0.277
 12.1875,  603.690, -80.563,-340.936, 697.975,    3.502,  -2.547,  -0.600,   4.371,  -26.760, -69.855, -34.833,  82.517,   -0.087,  -0.269,  -0.109,   0.303
 12.5000,  602.007, -81.177,-362.924, 707.613,    3.691,  -2.572,  -0.709,   4.554,  -27.819, -70.425, -35.923,  83.810,   -0.096,  -0.291,  -0.120,   0.329
 12.8125,  597.070, -81.425,-384.368, 714.746,    3.879,  -2.598,  -0.826,   4.741,  -28.858, -70.793, -36.865,  84.873,   -0.105,  -0.313,  -0.131,   0.355
 13.1250,  588.887, -81.207,-404.923, 719.267,    4.065,  -2.623,  -0.950,   4.930,  -29.854, -70.950, -37.658,  85.693,   -0.114,  -0.335,  -0.143,   0.382
 13.4375,  577.507, -80.427,-424.260, 721.096,    4.247,  -2.649,  -1.080,   5.121,  -30.788, -70.895, -38.310,  86.265,   -0.123,  -0.357,  -0.155,   0.408
 13.7500,  563.016, -79.002,-442.087, 720.187,    4.426,  -2.674,  -1.216,   5.312,  -31.640, -70.638, -38.831,  86.595,   -0.133,  -0.379,  -0.167,   0.435
 14.0625,  545.536, -76.874,-458.169, 716.546,    4.600,  -2.699,  -1.358,   5.503,  -32.400, -70.195, -39.235,  86.698,   -0.143,  -0.401,  -0.179,   0.462
 14.3750,  525.229, -74.017,-472.329, 710.239,    4.768,  -2.723,  -1.504,   5.693,  -33.058, -69.589, -39.535,  86.594,   -0.153,  -0.423,  -0.191,   0.489
 14.6875,  502.295, -70.432,-484.461, 701.401,    4.929,  -2.746,  -1.655,   5.880,  -33.615, -68.844, -39.740,  86.306,   -0.164,  -0.445,  -0.204,   0.516
 15.0000,  476.964, -66.149,-494.518, 690.231,    5.082,  -2.767,  -1.808,   6.062,  -34.073, -67.983, -39.859,  85.857,   -0.174,  -0.466,  -0.216,   0.543
 15.3125,  449.485, -61.211,-502.515, 676.982,    5.227,  -2.787,  -1.965,   6.241,  -34.439, -67.028, -39.897,  85.268,   -0.185,  -0.487,  -0.229,   0.569
 15.6250,  420.113, -55.667,-508.510, 661.949,    5.363,  -2.805,  -2.123,   6.414,  -34.722, -65.996, -39.856,  84.555,   -0.196,  -0.508,  -0.241,   0.595
 15.9375,  389.103, -49.565,-512.591, 645.452,    5.489,  -2.822,  -2.283,   6.581,  -34.929, -64.899, -39.733,  83.729,   -0.207,  -0.528,  -0.253,   0.621
 16.2500,  356.712, -42.946,-514.867, 627.834,    5.606,  -2.836,  -2.443,   6.741,  -35.065, -63.744, -39.521,  82.793,   -0.218,  -0.549,  -0.266,   0.647
 16.5625,  323.198, -35.841,-515.456, 609.456,    5.712,  -2.848,  -2.604,   6.894,  -35.134, -62.534, -39.207,  81.744,   -0.229,  -0.568,  -0.278,   0.673
 16.8750,  288.823, -28.278,-514.487, 590.690,    5.808,  -2.858,  -2.765,   7.039,  -35.138, -61.274, -38.778,  80.578,   -0.240,  -0.588,  -0.290,   0.698
 17.1875,  253.855, -20.279,-512.088, 571.916,    5.893,  -2.866,  -2.926,   7.176,  -35.075, -59.963, -38.223,  79.290,   -0.251,  -0.607,  -0.302,   0.723
 17.5000,  218.561, -11.873,-508.385, 553.503,    5.966,  -2.871,  -3.085,   7.305,  -34.946, -58.606, -37.538,  77.878,   -0.262,  -0.625,  -0.314,   0.747
 17.8125,  183.200,  -3.094,-503.488, 535.791,    6.029,  -2.874,  -3.243,   7.424,  -34.750, -57.210, -36.728,  76.351,   -0.273,  -0.643,  -0.326,   0.771
 18.1250,  148.009,   6.001,-497.487, 519.072,    6.080,  -2.874,  -3.399,   7.535,  -34.492, -55.783, -35.808,  74.724,   -0.283,  -0.661,  -0.337,   0.794
 18.4375,  113.203,  15.330,-490.448, 503.577,    6.121,  -2.871,  -3.553,   7.637,  -34.177, -54.339, -34.804,  73.021,   -0.294,  -0.678,  -0.348,   0.817
 18.7500,   78.967,  24.783,-482.414, 489.462,    6.150,  -2.865,  -3.705,   7.730,  -33.815, -52.889, -33.752,  71.274,   -0.305,  -0.695,  -0.359,   0.839
 19.0625,   45.462,  34.229,-473.408, 476.816,    6.170,  -2.855,  -3.854,   7.815,  -33.415, -51.449, -32.688,  69.513,   -0.315,  -0.711,  -0.369,   0.861
 19.3750,   12.834,  43.531,-463.443, 465.660,    6.179,  -2.843,  -4.001,   7.891,  -32.986, -50.031, -31.645,  67.769,   -0.326,  -0.727,  -0.379,   0.882
 19.6875,  -18.778,  52.563,-452.530, 455.959,    6.178,  -2.828,  -4.144,   7.958,  -32.534, -48.647, -30.648,  66.063,   -0.336,  -0.742,  -0.389,   0.903
 20.0000,  -49.239,  61.217,-440.687, 447.635,    6.167,  -2.810,  -4.284,   8.017,  -32.067, -47.308, -29.711,  64.413,   -0.346,  -0.757,  -0.398,   0.923
 20.3125,  -78.406,  69.412,-427.951, 440.576,    6.147,  -2.789,  -4.420,   8.068,  -31.590, -46.021, -28.833,  62.827,    0.000,   0.000,   0.000,   0.000
 20.6250, -106.139,  77.089,-414.383, 434.651,    6.118,  -2.766,  -4.552,   8.112,  -31.110, -44.795, -28.005,  61.308,    0.000,   0.000,   0.000,   0.000
 20.9375, -132.299,  84.214,-400.074, 429.714,    6.081,  -2.740,  -4.680,   8.147,  -30.633, -43.636, -27.209,  59.857,    0.000,   0.000,   0.000,   0.000
 21.2500, -156.769,  90.778,-385.141, 425.618,    6.035,  -2.712,  -4.803,   8.176,  -30.170, -42.549, -26.425,  58.472,    0.000,   0.000,   0.000,   0.000
 21.5625, -179.454,  96.794,-369.723, 422.217,    5.982,  -2.683,  -4.921,   8.197,  -29.728, -41.538, -25.638,  57.153,    0.000,   0.000,   0.000,   0.000
 21.8750, -200.289, 102.302,-353.973, 419.379,    5.922,  -2.651,  -5.034,   8.212,  -29.316, -40.606, -24.834,  55.902,    0.000,   0.000,   0.000,   0.000
 22.1875, -219.244, 107.366,-338.044, 416.976,    5.856,  -2.618,  -5.141,   8.221,  -28.940, -39.758, -24.009,  54.723,    0.000,   0.000,   0.000,   0.000
 22.5000, -236.316, 112.066,-322.075, 414.893,    5.785,  -2.584,  -5.244,   8.225,  -28.600, -38.996, -23.161,  53.619,    0.000,   0.000,   0.000,   0.000
 22.8125, -251.531, 116.480,-306.185, 413.019,    5.708,  -2.549,  -5.342,   8.223,  -28.297, -38.324, -22.291,  52.596,    0.000,   0.000,   0.000,   0.000
 23.1250, -264.942, 120.675,-290.468, 411.252,    5.627,  -2.512,  -5.435,   8.217,  -28.025, -37.745, -21.400,  51.653,    0.000,   0.000,   0.000,   0.000
 23.4375, -276.625, 124.696,-274.992, 409.501,    5.542,  -2.474,  -5.523,   8.206,  -27.779, -37.261, -20.486,  50.791,    0.000,   0.000,   0.000,   0.000
 23.7500, -286.673, 128.561,-259.806, 407.687,    5.454,  -2.435,  -5.607,   8.192,  -27.551, -36.873, -19.547,  50.007,    0.000,   0.000,   0.000,   0.000
 24.0625, -295.195, 132.268,-244.942, 405.748,    5.363,  -2.394,  -5.685,   8.174,  -27.333, -36.583, -18.576,  49.300,    0.000,   0.000,   0.000,   0.000
 24.3750, -302.310, 135.809,-230.423, 403.646,    5.269,  -2.352,  -5.760,   8.153,  -27.120, -36.390, -17.567,  48.665,    0.000,   0.000,   0.000,   0.000
 24.6875, -308.141, 139.175,-216.268, 401.363,    5.174,  -2.309,  -5.829,   8.129,  -26.911, -36.289, -16.520,  48.104,    0.000,   0.000,   0.000,   0.000
 25.0000, -312.817, 142.363,-202.496, 398.906,    5.077,  -2.265,  -5.895,   8.103,  -26.705, -36.276, -15.437,  47.617,    0.000,   0.000,   0.000,   0.000
 25.3125, -316.464, 145.373,-189.120, 396.294,    4.979,  -2.220,  -5.956,   8.074,  -26.503, -36.342, -14.328,  47.207,    0.000,   0.000,   0.000,   0.000
 25.6250, -319.211, 148.205,-176.152, 393.560,    4.879,  -2.174,  -6.013,   8.043,  -26.308, -36.475, -13.210,  46.873,    0.000,   0.000,   0.000,   0.000
 25.9375, -321.185, 150.852,-163.598, 390.743,    4.779,  -2.128,  -6.066,   8.010,  -26.119, -36.664, -12.101,  46.614,    0.000,   0.000,   0.000,   0.000
 26.2500, -322.518, 153.299,-151.460, 387.890,    4.679,  -2.080,  -6.115,   7.976,  -25.935, -36.896, -11.024,  46.427,    0.000,   0.000,   0.000,   0.000
 26.5625, -323.345, 155.522,-139.741, 385.054,    4.578,  -2.032,  -6.161,   7.940,  -25.757, -37.157,  -9.996,  46.303,    0.000,   0.000,   0.000,   0.000
 26.8750, -323.801, 157.495,-128.447, 382.296,    4.477,  -1.983,  -6.203,   7.902,  -25.585, -37.430,  -9.032,  46.229,    0.000,   0.000,   0.000,   0.000
 27.1875, -324.014, 159.199,-117.593, 379.681,    4.376,  -1.933,  -6.241,   7.864,  -25.419, -37.698,  -8.134,  46.189,    0.000,   0.000,   0.000,   0.000
 27.5000, -324.103, 160.627,-107.201, 377.274,    4.275,  -1.883,  -6.276,   7.824,  -25.260, -37.945,  -7.298,  46.164,    0.000,   0.000,   0.000,   0.000
 27.8125, -324.167, 161.789, -97.293, 375.135,    4.174,  -1.832,  -6.308,   7.783,  -25.113, -38.154,  -6.507,  46.138,    0.000,   0.000,   0.000,   0.000
 28.1250, -324.286, 162.710, -87.885, 373.309,    4.072,  -1.782,  -6.337,   7.740,  -24.979, -38.316,  -5.740,  46.098,    0.000,   0.000,   0.000,   0.000
 28.4375, -324.518, 163.426, -78.980, 371.830,    3.971,  -1.731,  -6.363,   7.698,  -24.867, -38.423,  -4.967,  46.037,    0.000,   0.000,   0.000,   0.000
 28.7500, -324.899, 163.974, -70.573, 370.712,    3.870,  -1.680,  -6.386,   7.654,  -24.783, -38.480,  -4.161,  45.959,    0.000,   0.000,   0.000,   0.000
 29.0625, -325.451, 164.383, -62.654, 369.953,    3.769,  -1.629,  -6.407,   7.609,  -24.734, -38.493,  -3.301,  45.873,    0.000,   0.000,   0.000,   0.000
 29.3750, -326.179, 164.675, -55.212, 369.539,    3.667,  -1.577,  -6.425,   7.564,  -24.729, -38.475,  -2.372,  45.798,    0.000,   0.000,   0.000,   0.000
 29.6875, -327.080, 164.858, -48.243, 369.441,    3.565,  -1.526,  -6.442,   7.519,  -24.771, -38.440,  -1.373,  45.751,    0.000,   0.000,   0.000,   0.000
 30.0000, -328.144, 164.930, -41.739, 369.625,    3.463,  -1.474,  -6.456,   7.472,  -24.864, -38.400,  -0.313,  45.748,    0.000,   0.000,   0.000,   0.000
 30.3125, -329.360, 164.880, -35.689, 370.050,    3.360,  -1.423,  -6.467,   7.426,  -25.005, -38.361,   0.786,  45.798,    0.000,   0.000,   0.000,   0.000
 30.6250, -330.712, 164.689, -30.069, 370.671,    3.257,  -1.372,  -6.477,   7.379,  -25.187, -38.325,   1.897,  45.900,    0.000,   0.000,   0.000,   0.000
 30.9375, -332.177, 164.331, -24.839, 371.434,    3.153,  -1.320,  -6.486,   7.332,  -25.401, -38.284,   2.993,  46.042,    0.000,   0.000,   0.000,   0.000
 31.2500, -333.725, 163.781, -19.946, 372.283,    3.049,  -1.269,  -6.493,   7.285,  -25.635, -38.229,   4.043,  46.205,    0.000,   0.000,   0.000,   0.000
 31.5625, -335.315, 163.008, -15.326, 373.153,    2.945,  -1.218,  -6.498,   7.238,  -25.877, -38.144,   5.024,  46.367,    0.000,   0.000,   0.000,   0.000
 31.8750, -336.901, 161.990, -10.915, 373.981,    2.840,  -1.167,  -6.502,   7.191,  -26.116, -38.017,   5.920,  46.502,    0.000,   0.000,   0.000,   0.000
 32.1875, -338.434, 160.710,  -6.649, 374.713,    2.734,  -1.116,  -6.505,   7.144,  -26.341, -37.837,   6.724,  46.591,    0.000,   0.000,   0.000,   0.000
 32.5000, -339.875, 159.162,  -2.479, 375.305,    2.628,  -1.066,  -6.507,   7.098,  -26.544, -37.597,   7.438,  46.620,    0.000,   0.000,   0.000,   0.000
 32.8125, -341.189, 157.350,   1.633, 375.728,    2.522,  -1.017,  -6.507,   7.053,  -26.718, -37.298,   8.075,  46.585,    0.000,   0.000,   0.000,   0.000
 33.1250, -342.359, 155.282,   5.701, 375.971,    2.415,  -0.968,  -6.507,   7.007,  -26.859, -36.941,   8.652,  46.486,    0.000,   0.000,   0.000,   0.000
 33.4375, -343.378, 152.966,   9.723, 376.034,    2.307,  -0.920,  -6.504,   6.962,  -26.968, -36.534,   9.192,  46.331,    0.000,   0.000,   0.000,   0.000
 33.7500, -344.259, 150.408,  13.677, 375.931,    2.200,  -0.872,  -6.501,   6.918,  -27.044, -36.086,   9.719,  46.131,    0.000,   0.000,   0.000,   0.000
 34.0625, -345.025, 147.611,  17.526, 375.684,    2.092,  -0.826,  -6.496,   6.874,  -27.089, -35.609,  10.251,  45.901,    0.000,   0.000,   0.000,   0.000
 34.3750, -345.704, 144.584,  21.230, 375.321,    1.984,  -0.780,  -6.490,   6.831,  -27.108, -35.113,  10.803,  45.656,    0.000,   0.000,   0.000,   0.000
 34.6875, -346.321, 141.350,  24.747, 374.874,    1.876,  -0.735,  -6.483,   6.788,  -27.103, -34.614,  11.379,  45.411,    0.000,   0.000,   0.000,   0.000
 35.0000, -346.896, 137.948,  28.044, 374.370,    1.768,  -0.691,  -6.474,   6.746,  -27.081, -34.121,  11.976,  45.178,    0.000,   0.000,   0.000,   0.000
 35.3125, -347.434, 134.430,  31.108, 373.831,    1.660,  -0.648,  -6.464,   6.705,  -27.046, -33.646,  12.585,  44.966,    0.000,   0.000,   0.000,   0.000
 35.6250, -347.930, 130.858,  33.952, 373.271,    1.551,  -0.607,  -6.454,   6.665,  -27.005, -33.197,  13.193,  44.782,    0.000,   0.000,   0.000,   0.000
 35.9375, -348.367, 127.284,  36.619, 372.695,    1.442,  -0.567,  -6.442,   6.626,  -26.970, -32.778,  13.787,  44.630,    0.000,   0.000,   0.000,   0.000
 36.2500, -348.720, 123.752,  39.189, 372.097,    1.333,  -0.528,  -6.430,   6.588,  -26.949, -32.390,  14.356,  44.513,    0.000,   0.000,   0.000,   0.000
 36.5625, -348.961, 120.281,  41.763, 371.463,    1.224,  -0.490,  -6.417,   6.552,  -26.952, -32.027,  14.897,  44.430,    0.000,   0.000,   0.000,   0.000
 36.8750, -349.059, 116.867,  44.457, 370.778,    1.115,  -0.454,  -6.404,   6.516,  -26.988, -31.679,  15.408,  44.377,    0.000,   0.000,   0.000,   0.000
 37.1875, -348.989, 113.486,  47.382, 370.023,    1.006,  -0.418,  -6.390,   6.482,  -27.058, -31.332,  15.894,  44.345,    0.000,   0.000,   0.000,   0.000
 37.5000, -348.725, 110.096,  50.631, 369.180,    0.897,  -0.383,  -6.375,   6.449,  -27.162, -30.971,  16.364,  44.325,    0.000,   0.000,   0.000,   0.000
 37.8125, -348.241, 106.653,  54.265, 368.227,    0.788,  -0.349,  -6.360,   6.418,  -27.292, -30.577,  16.826,  44.305,    0.000,   0.000,   0.000,   0.000
 38.1250, -347.502, 103.115,  58.301, 367.137,    0.680,  -0.316,  -6.343,   6.387,  -27.439, -30.137,  17.289,  44.272,    0.000,   0.000,   0.000,   0.000
 38.4375, -346.470,  99.459,  62.714, 365.878,    0.571,  -0.284,  -6.324,   6.356,  -27.591, -29.643,  17.762,  44.220,    0.000,   0.000,   0.000,   0.000
 38.7500, -345.105,  95.676,  67.441, 364.417,    0.463,  -0.253,  -6.304,   6.326,  -27.738, -29.091,  18.251,  44.145,    0.000,   0.000,   0.000,   0.000
 39.0625, -343.368,  91.776,  72.396, 362.720,    0.355,  -0.224,  -6.282,   6.296,  -27.871, -28.487,  18.763,  44.050,    0.000,   0.000,   0.000,   0.000
 39.3750, -341.226,  87.782,  77.486, 360.756,    0.248,  -0.196,  -6.258,   6.266,  -27.986, -27.840,  19.300,  43.940,    0.000,   0.000,   0.000,   0.000
 39.6875, -338.652,  83.719,  82.629, 358.499,    0.142,  -0.169,  -6.233,   6.237,  -28.078, -27.162,  19.862,  43.825,    0.000,   0.000,   0.000,   0.000
 40.0000, -335.619,  79.612,  87.764, 355.922,    0.037,  -0.144,  -6.206,   6.208,  -28.149, -26.467,  20.445,  43.714,    0.000,   0.000,   0.000,   0.000
 40.3125, -332.106,  75.474,  92.852, 353.004,   -0.068,  -0.119,  -6.178,   6.179,  -28.197, -25.771,  21.044,  43.613,    0.000,   0.000,   0.000,   0.000
 40.6250, -328.090,  71.310,  97.879, 349.726,   -0.171,  -0.097,  -6.148,   6.151,  -28.224, -25.086,  21.647,  43.526,    0.000,   0.000,   0.000,   0.000
 40.9375, -323.557,  67.114, 102.849, 346.080,   -0.273,  -0.075,  -6.116,   6.123,  -28.232, -24.425,  22.242,  43.455,    0.000,   0.000,   0.000,   0.000
 41.2500, -318.506,  62.879, 107.778, 342.076,   -0.374,  -0.055,  -6.083,   6.095,  -28.223, -23.798,  22.812,  43.397,    0.000,   0.000,   0.000,   0.000
 41.5625, -312.957,  58.603, 112.685, 337.749,   -0.473,  -0.035,  -6.049,   6.067,  -28.201, -23.215,  23.340,  43.348,    0.000,   0.000,   0.000,   0.000
 41.8750, -306.956,  54.294, 117.592, 333.163,   -0.570,  -0.018,  -6.013,   6.040,  -28.169, -22.685,  23.810,  43.301,    0.000,   0.000,   0.000,   0.000
 42.1875, -300.576,  49.971, 122.521, 328.412,   -0.665,  -0.001,  -5.975,   6.012,  -28.132, -22.213,  24.208,  43.253,    0.000,   0.000,   0.000,   0.000
 42.5000, -293.911,  45.660, 127.496, 323.611,   -0.758,   0.014,  -5.936,   5.984,  -28.095, -21.806,  24.524,  43.201,    0.000,   0.000,   0.000,   0.000
 42.8125, -287.065,  41.396, 132.550, 318.888,   -0.849,   0.027,  -5.895,   5.956,  -28.062, -21.468,  24.757,  43.142,    0.000,   0.000,   0.000,   0.000
 43.1250, -280.135,  37.213, 137.717, 314.366,   -0.937,   0.040,  -5.853,   5.928,  -28.035, -21.201,  24.909,  43.080,    0.000,   0.000,   0.000,   0.000
 43.4375, -273.197,  33.149, 143.025, 310.148,   -1.023,   0.051,  -5.810,   5.899,  -28.014, -21.003,  24.990,  43.016,    0.000,   0.000,   0.000,   0.000
 43.7500, -266.295,  29.238, 148.482, 306.292,   -1.106,   0.060,  -5.765,   5.870,  -27.999, -20.867,  25.013,  42.954,    0.000,   0.000,   0.000,   0.000
 44.0625, -259.425,  25.514, 154.052, 302.794,   -1.188,   0.069,  -5.719,   5.841,  -27.989, -20.778,  24.994,  42.893,    0.000,   0.000,   0.000,   0.000
 44.3750, -252.534,  22.009, 159.635, 299.568,   -1.267,   0.076,  -5.671,   5.811,  -27.982, -20.713,  24.949,  42.830,    0.000,   0.000,   0.000,   0.000
 44.6875, -245.508,  18.755, 165.059, 296.429,   -1.344,   0.083,  -5.621,   5.780,  -27.972, -20.639,  24.894,  42.756,    0.000,   0.000,   0.000,   0.000
 45.0000, -238.174,  15.775, 170.070, 293.086,   -1.419,   0.088,  -5.569,   5.748,  -27.955, -20.516,  24.843,  42.656,    0.000,   0.000,   0.000,   0.000
 45.3125, -230.304,  13.090, 174.339, 289.146,   -1.492,   0.092,  -5.516,   5.715,  -27.924, -20.303,  24.808,  42.513,    0.000,   0.000,   0.000,   0.000
 45.6250, -221.630,  10.710, 177.473, 284.132,   -1.562,   0.096,  -5.462,   5.682,  -27.870, -19.965,  24.795,  42.310,    0.000,   0.000,   0.000,   0.000
 45.9375, -211.872,   8.631, 179.033, 277.520,   -1.631,   0.099,  -5.406,   5.647,  -27.781, -19.473,  24.810,  42.030,    0.000,   0.000,   0.000,   0.000
 46.2500, -200.779,   6.839, 178.576, 268.791,   -1.697,   0.101,  -5.349,   5.613,  -27.650, -18.817,  24.851,  41.667,    0.000,   0.000,   0.000,   0.000
 46.5625, -188.181,   5.313, 175.712, 257.517,   -1.760,   0.103,  -5.291,   5.577,  -27.468, -18.000,  24.916,  41.223,    0.000,   0.000,   0.000,   0.000
 46.8750, -174.051,   4.026, 170.180, 243.457,   -1.819,   0.104,  -5.234,   5.542,  -27.238, -17.044,  24.999,  40.711,    0.000,   0.000,   0.000,   0.000
 47.1875, -158.571,   2.955, 161.944, 226.670,   -1.875,   0.105,  -5.177,   5.507,  -26.967, -15.992,  25.092,  40.156,    0.000,   0.000,   0.000,   0.000
 47.5000, -142.185,   2.080, 151.286, 207.626,   -1.926,   0.106,  -5.123,   5.474,  -26.670, -14.897,  25.188,  39.593,    0.000,   0.000,   0.000,   0.000
 47.8125, -125.624,   1.384, 138.873, 187.268,   -1.971,   0.107,  -5.072,   5.443,  -26.368, -13.827,  25.279,  39.058,    0.000,   0.000,   0.000,   0.000
 48.1250, -109.880,   0.853, 125.771, 167.010,   -2.009,   0.107,  -5.027,   5.415,  -26.087, -12.856,  25.360,  38.587,    0.000,   0.000,   0.000,   0.000
 48.4375,  -96.096,   0.474, 113.353, 148.605,   -2.040,   0.107,  -4.990,   5.392,  -25.850, -12.051,  25.424,  38.208,    0.000,   0.000,   0.000,   0.000
 48.7500,  -85.368,   0.230, 103.081, 133.841,   -2.062,   0.107,  -4.962,   5.374,  -25.673, -11.459,  25.470,  37.936,    0.000,   0.000,   0.000,   0.000
 49.0625,  -78.432,   0.097,  96.124, 124.062,   -2.075,   0.107,  -4.945,   5.363,  -25.565, -11.098,  25.496,  37.773,    0.000,   0.000,   0.000,   0.000
 49.3750,  -75.247,   0.045,  92.823, 119.491,   -2.081,   0.107,  -4.937,   5.358,  -25.517, -10.941,  25.507,  37.702,    0.000,   0.000,   0.000,   0.000
 49.6875,  -74.524,   0.034,  92.058, 118.442,   -2.082,   0.107,  -4.935,   5.357,  -25.507, -10.906,  25.510,  37.687,    0.000,   0.000,   0.000,   0.000

